id,name,nameShortened
223643,"Pelaajat.com Nordic Masters Spring 2023: Icelandic Qualifier","Pelaajat.com Nordic "
304225,"DPC EEU 2023 Tour 1: Open Qualifier #1","DPC EEU 2023 Tour 1:"
304274,"DPC CN 2023 Tour 1: Open Qualifier #1","DPC CN 2023 Tour 1: "
304359,"DPC SA 2023 Tour 1: Open Qualifier #1","DPC SA 2023 Tour 1: "
304576,"DPC SEA 2023 Tour 1: Open Qualifier #1","DPC SEA 2023 Tour 1:"
304577,"DPC WEU 2023 Tour 1: Open Qualifier #1","DPC WEU 2023 Tour 1:"
305707,"DPC NA 2023 Tour 1: Open Qualifier #1","DPC NA 2023 Tour 1: "
306820,"DPC EEU 2023 Tour 1: Open Qualifier #2","DPC EEU 2023 Tour 1:"
306821,"DPC CN 2023 Tour 1: Open Qualifier #2","DPC CN 2023 Tour 1: "
306822,"DPC SA 2023 Tour 1: Open Qualifier #2","DPC SA 2023 Tour 1: "
306823,"DPC SEA 2023 Tour 1: Open Qualifier #2","DPC SEA 2023 Tour 1:"
307050,"DPC WEU 2023 Tour 1: Open Qualifier #2","DPC WEU 2023 Tour 1:"
307052,"DPC NA 2023 Tour 1: Open Qualifier #2","DPC NA 2023 Tour 1: "
307058,"DPC EEU 2023 Tour 1: Open Qualifier #3","DPC EEU 2023 Tour 1:"
307059,"DPC CN 2023 Tour 1: Open Qualifier #3","DPC CN 2023 Tour 1: "
307060,"DPC SA 2023 Tour 1: Open Qualifier #3","DPC SA 2023 Tour 1: "
307061,"DPC SEA 2023 Tour 1: Open Qualifier #3","DPC SEA 2023 Tour 1:"
307065,"DPC WEU 2023 Tour 1: Open Qualifier #3","DPC WEU 2023 Tour 1:"
307066,"DPC NA 2023 Tour 1: Open Qualifier #3","DPC NA 2023 Tour 1: "
307067,"DPC CN 2023 Tour 1: Open Qualifier #4","DPC CN 2023 Tour 1: "
307072,"DPC EEU 2023 Tour 1: Open Qualifier #4","DPC EEU 2023 Tour 1:"
307073,"DPC SA 2023 Tour 1: Open Qualifier #4","DPC SA 2023 Tour 1: "
307074,"DPC SEA 2023 Tour 1: Open Qualifier #4","DPC SEA 2023 Tour 1:"
307075,"DPC WEU 2023 Tour 1: Open Qualifier #4","DPC WEU 2023 Tour 1:"
307076,"ESL Impact Katowice 2023: European Open Qualifier #1","ESL Impact Katowice "
307167,"DPC NA 2023 Tour 1: Open Qualifier #4","DPC NA 2023 Tour 1: "
309627,"DPC CN 2023 Tour 1: Closed Qualifier","DPC CN 2023 Tour 1: "
312162,"Contest Pro League 2022/2023 Season 1 Division 2","Contest Pro League 2"
312175,"Contest Pro League 2022/2023 Season 1 Division 1","Contest Pro League 2"
315409,"ESL Impact Katowice 2023: South American Closed Qualifier","ESL Impact Katowice "
315422,"ESL Impact Katowice 2023: North American Closed Qualifier","ESL Impact Katowice "
315815,"ESL Impact Katowice 2023: European Open Qualifier #2","ESL Impact Katowice "
316123,"DPC SA 2023 Tour 1: Closed Qualifier #1","DPC SA 23 T1 CQ#1"
316125,"DPC SEA 2023 Tour 1: Closed Qualifier","DPC SEA 2023 Tour 1:"
316126,"DPC SA 2023 Tour 1: Closed Qualifier","DPC SA 2023 Tour 1: "
316127,"DPC WEU 2023 Tour 1: Closed Qualifier","DPC WEU 2023 Tour 1:"
316128,"DPC EEU 2023 Tour 1: Closed Qualifier","DPC EEU 2023 Tour 1:"
316129,"DPC NA 2023 Tour 1: Closed Qualifier","DPC NA 2023 Tour 1: "
316139,"1xBet GOAT League 2023","1xBet GOAT League 20"
316140,"EPL Winter Holidays 2022-2023","EPL Winter Holidays "
316141,"DPC CN 2023 Tour 1: Division I","DPC CN 2023 Tour 1: "
316144,"Mansion Invitational 2023","Mansion Invitational"
316145,"M88 Mansion Invitational 2023","M88 Mansion Invitati"
316146,"DPC EEU 2023 Tour 1: Division I","DPC EEU 2023 Tour 1:"
316148,"A1 Gaming League 2023","A1 Gaming League 2023"
316149,"DPC SEA 2023 Tour 1: Division I","DPC SEA 2023 Tour 1:"
316153,"DPC WEU 2023 Tour 1: Division I","DPC WEU 2023 Tour 1:"
316155,"DPC NA 2023 Tour 1: Division I","DPC NA 2023 Tour 1: "
316160,"DPC SA 2023 Tour 1: Division I","DPC SA 2023 Tour 1: "
319904,"OMEN WGR Challenge 2023: Closed Qualifier","OMEN WGR Challenge 2"
319916,"ESL Impact Cash Cup: Europe - Winter 2023 #1","ESL Impact Cash Cup:"
319917,"ESEA Cash Cup: Europe - Winter 2023 #1","ESEA Cash Cup: Europ"
319919,"ESL Impact Cash Cup: South America - Winter 2023 #1","ESL Impact Cash Cup:"
319924,"Elisa Invitational Winter 2023","Elisa Invitational W"
319931,"BLAST Premier: Spring Groups 2023","BLAST Premier: Sprin"
319939,"Lunar New Year 2023","Lunar New Year 2023"
319957,"OMEN WGR Challenge 2023","OMEN WGR Challenge 2"
319964,"ESEA Cash Cup: North America - Winter 2023 #1","ESEA Cash Cup: North"
319966,"Intel Extreme Masters Spring 2023: Asian Open Qualifier #1","Intel Extreme Master"
319982,"Intel Extreme Masters Spring 2023: Asian Open Qualifier #2","Intel Extreme Master"
319990,"Intel Extreme Masters Spring 2023: Asian Qualifier","Intel Extreme Master"
319994,"Intel Extreme Masters Brazil 2023: North American Open Qualifier #1","Intel Extreme Master"
319995,"Intel Extreme Masters Brazil 2023: South American Open Qualifier #1","Intel Extreme Master"
319998,"Intel Extreme Masters Spring 2023: European Open Qualifier #1","Intel Extreme Master"
320000,"DPC EEU 2023 Tour 1: Division II","DPC EEU 2023 Tour 1:"
320001,"DPC SA 2023 Tour 1: Division II","DPC SA 2023 Tour 1: "
320002,"RUR Frost Cup 2023","RUR Frost Cup 2023"
320003,"ESEA Cash Cup: North America - Winter 2023 #2","ESEA Cash Cup: North"
320004,"DPC SEA 2023 Tour 1: Division II","DPC SEA 2023 Tour 1:"
320005,"ESEA Cash Cup: Europe - Winter 2023 #2","ESEA Cash Cup: Europ"
320006,"ESL Impact Cash Cup: Europe - Winter 2023 #2","ESL Impact Cash Cup:"
320007,"Intel Extreme Masters Katowice 2023","Intel Extreme Master"
320009,"DPC WEU 2023 Tour 1: Division II","DPC WEU 2023 Tour 1:"
320011,"DPC NA 2023 Tour 1: Division II","DPC NA 2023 Tour 1: "
320017,"Intel Extreme Masters Spring 2023: European Open Qualifier #2","Intel Extreme Master"
320021,"Esports Battles February 2023","Esports Battles February 2023"
320024,"DPC CN 2023 Tour 1: Division II","DPC CN 2023 Tour 1: "
320031,"Wandercon 2023","Wandercon 2023"
320035,"ESL Impact Cash Cup: Europe - Winter 2023 #3","ESL Impact Cash Cup:"
320036,"ESEA Cash Cup: Europe - Winter 2023 #3","ESEA Cash Cup: Europ"
320041,"ESL Impact Katowice 2023","ESL Impact Katowice "
320042,"Intel Extreme Masters Spring 2023: European Closed Qualifier","Intel Extreme Master"
320051,"Liga Streamerów Showdown 2023","Liga Streamerów Sho"
320053,"Intel Extreme Masters Spring 2023: South American Open Qualifier #2","Intel Extreme Master"
320054,"Intel Extreme Masters Spring 2023: North American Open Qualifier #2","Intel Extreme Master"
320057,"BLAST.tv Paris Major 2023: European RMR Open Qualifier #1","BLAST.tv Paris Major"
320059,"IeSF World Championship 2023 Turkmenistan Qualifier","IeSF World Champions"
320060,"Intel Extreme Masters Spring 2023: South American Qualifier","Intel Extreme Master"
320061,"Intel Extreme Masters Spring 2023: North American Qualifier","Intel Extreme Master"
320062,"BLAST.tv Paris Major 2023: North American RMR Open Qualifier #1","BLAST.tv Paris Major"
320063,"BLAST.tv Paris Major 2023: South American RMR Open Qualifier #1","BLAST.tv Paris Major"
320065,"BLAST.tv Paris Major 2023: European RMR Open Qualifier #2","BLAST.tv Paris Major"
320066,"BLAST.tv Paris Major 2023: Oceanic RMR Open Qualifier","BLAST.tv Paris Major"
320069,"BLAST.tv Paris Major 2023: North American RMR Open Qualifier #2","BLAST.tv Paris Major"
320070,"BLAST.tv Paris Major 2023: Chinese RMR Open Qualifier","BLAST.tv Paris Major"
320071,"BLAST.tv Paris Major 2023: European RMR Qualifier A","BLAST.tv Paris Major"
320072,"BLAST.tv Paris Major 2023: European RMR Qualifier B","BLAST.tv Paris Major"
320073,"BLAST.tv Paris Major 2023: Oceanic RMR Qualifier","BLAST.tv Paris Major"
320075,"BLAST.tv Paris Major 2023: South American RMR Open Qualifier #2","BLAST.tv Paris Major"
320076,"BLAST.tv Paris Major 2023: North American RMR Qualifier","BLAST.tv Paris Major"
320079,"RedZone PRO League 2023: Season 1","RedZone PRO League 2"
321669,"BLAST.tv Paris Major 2023: European Qualifier Decider","BLAST.tv Paris Major"
321670,"ESEA Cash Cup: Europe - Winter 2023 #4","ESEA Cash Cup: Europ"
321672,"ESEA Cash Cup: North America - Winter 2023 #3","ESEA Cash Cup: North"
321677,"Lima Major 2023","Lima Major 2023"
321683,"TG Masters: Spring 2023","TG Masters: Spring 2"
321684,"Pelaajat.com Series Showoff: Spring 2023","Pelaajat.com Series "
321691,"5E Arena Asia Cup 2023","5E Arena Asia Cup 20"
321694,"BLAST.tv Paris Major 2023: Middle Eastern RMR Qualifier","BLAST.tv Paris Major"
321705,"ESL Challenger Melbourne 2023: European Open Qualifier","ESL Challenger Melbo"
321710,"ESL Challenger Melbourne 2023: Asian Open Qualifier","ESL Challenger Melbo"
321714,"Bergen Games 2023","Bergen Games 2023"
321715,"RES Western European Masters: Spring 2023","RES Western European"
321717," Esports Battles March 2023 CSGO","Esports Battles March 2023 "
321719,"Intel Extreme Masters Dallas 2023: North American Open Qualifier #1","Intel Extreme Master"
321721,"ESL Challenger Melbourne 2023: Asian Qualifier","ESL Challenger Melbo"
321726,"Esports Battles March 2023 DOTA","Esports Battles March 2023"
321729,"Intel Extreme Masters Dallas 2023: North American Open Qualifier #2","Intel Extreme Master"
321731,"CoA eSports Open 2023","CoA eSports Open 202"
321735,"Intel Extreme Masters Dallas 2023: North American Qualifier","Intel Extreme Master"
321742,"Gamers Club Liga Série A: February 2023","Gamers Club February 2023"
321743,"FiReLEAGUE Academy 2023","FiReLEAGUE Academy 2"
321745,"ESL Challenger Melbourne 2023: European Qualifier","ESL Challenger Melbo"
321748,"Ace North American Masters: Spring 2023","Ace North American M"
321755,"RES Eastern European Masters: Spring 2023","RES Eastern European"
321764,"DPC SA 2023 Tour 2: Open Qualifier #1","DPC SA 2023 Tour 2: "
321766,"DPC SEA 2023 Tour 2: Open Qualifier #1","DPC SEA 2023 Tour 2:"
321769,"DPC EEU 2023 Tour 2: Division I","DPC EEU 2023 Tour 2:"
321772,"DPC SA 2023 Tour 2: Division I","DPC SA 2023 Tour 2: "
321777,"DPC SEA 2023 Tour 2: Division I","DPC SEA 2023 Tour 2:"
321779,"DPC EEU 2023 Tour 2: Open Qualifier #1","DPC EEU 2023 Tour 2:"
321780,"DPC WEU 2023 Tour 2: Division I","DPC WEU 2023 Tour 2:"
321783,"DPC WEU 2023 Tour 2: Open Qualifier #1","DPC WEU 2023 Tour 2:"
321785,"DPC NA 2023 Tour 2: Division I","DPC NA 2023 Tour 2: "
321787,"DPC SA 2023 Tour 2: Open Qualifier #2","DPC SA 2023 Tour 2: "
321788,"DPC NA 2023 Tour 2: Open Qualifier #1","DPC NA 2023 Tour 2: "
321790,"DPC CN 2023 Tour 2: Division I","DPC CN 2023 Tour 2: "
321803,"FRAG Spring Battle Cup 2023","FRAG Spring Battle C"
321804,"Pelaajat.com Series: Spring 2023","Pelaajat.com Series:"
321805,"DPC SEA 2023 Tour 2: Open Qualifier #2","DPC SEA 2023 Tour 2:"
321806,"DPC EEU 2023 Tour 2: Open Qualifier #2","DPC EEU 2023 Tour 2:"
321807,"DPC CN 2023 Tour 2: Open Qualifier #1","DPC CN 2023 Tour 2: "
321809,"DPC WEU 2023 Tour 2: Open Qualifier #2","DPC WEU 2023 Tour 2:"
321814,"DPC SA 2023 Tour 2: Open Qualifier #3","DPC SA 2023 Tour 2: "
321815,"DPC NA 2023 Tour 2: Open Qualifier #2","DPC NA 2023 Tour 2: "
321824,"DPC CN 2023 Tour 2: Open Qualifier #2","DPC CN 2023 Tour 2: "
321825,"DPC SEA 2023 Tour 2: Open Qualifier #3","DPC SEA 2023 Tour 2:"
321826,"DPC EEU 2023 Tour 2: Open Qualifier #3","DPC EEU 2023 Tour 2:"
321827,"DPC WEU 2023 Tour 2: Open Qualifier #3","DPC WEU 2023 Tour 2:"
321829,"DPC SA 2023 Tour 2: Open Qualifier #4","DPC SA 2023 Tour 2: "
321830,"DPC NA 2023 Tour 2: Open Qualifier #3","DPC NA 2023 Tour 2: "
321831,"Pelaajat.com Nordic Masters Spring 2023","Pelaajat.com Nordic "
321832,"ESL Challenger Melbourne 2023: Oceanic Open Qualifier","ESL Challenger Melbo"
321833,"GIRLGAMER World Finals Bahrain 2023","GIRLGAMER World Finals 2023"
321837,"DPC WEU 2023 Tour 2: Closed Qualifier","DPC WEU 2023 Tour 2:"
321838,"DPC EEU 2023 Tour 2: Closed Qualifier","DPC EEU 2023 Tour 2:"
321840,"DPC SA 2023 Tour 2: Closed Qualifier","DPC SA 2023 Tour 2: "
321842,"DPC NA 2023 Tour 2: Closed Qualifier","DPC NA 2023 Tour 2: "
321843,"Intel Extreme Masters Dallas 2023: South American Open Qualifier #1","Intel Extreme Master"
321844,"DPC CN 2023 Tour 2: Closed Qualifier","DPC CN 2023 Tour 2: "
321845,"Tipsport Cup Prague Spring 2023","TC Prague Spring 2023"
321848,"Elisa Invitational Spring 2023","Elisa Invitational S"
321851,"ESL Challenger Melbourne 2023: Oceanic Qualifier","ESL Challenger Melbo"
321853,"IESF World Esports Championship 2023: Danish Qualifier","IESF World Esports C"
321857,"DPC SEA 2023 Tour 2: Closed Qualifier","DPC SEA 2023 Tour 2:"
321869,"ESL Challenger Melbourne 2023: North American Open Qualifier","ESL Challenger Melbo"
321871,"PGE Dywizja Mistrzowska Split 1 2023","PGE DM Split 1 2023"
321874,"Intel Extreme Masters Dallas 2023: Oceanic Open Qualifier #1","Intel Extreme Master"
321885,"Intel Extreme Masters Dallas 2023: Oceanic Open Qualifier #2","Intel Extreme Master"
321895,"Intel Extreme Masters Dallas 2023: Oceanic Qualifier","Intel Extreme Master"
321901,"BrisVegas Autumn 2023","BrisVegas Autumn 202"
321902,"IESF World Esports Championship 2023: Hong Kong Qualifier","IESF World Esports C"
321904,"ESL Impact Cash Cup: North America - Winter 2023 #6","ESL Impact Cash Cup:"
321905,"ESL Impact Cash Cup: Europe - Winter 2023 #6","ESL Impact Cash Cup:"
321906,"BLAST Premier: Spring European Showdown 2023","BLAST Premier: Sprin"
321908,"Gamers Club Liga Série A: March 2023","(Gamers Club LSA M2023)"
321909,"BLAST Premier: Spring American Showdown 2023","BLAST Premier: Sprin"
321911,"Intel Extreme Masters Dallas 2023: South American Open Qualifier #2","Intel Extreme Master"
321913,"ESL Challenger Melbourne 2023: North American Qualifier","ESL Challenger Melbo"
321917,"Intel Extreme Masters Dallas 2023: European Open Qualifier #2","Intel Extreme Master"
321920,"LouvardGame 2023","LouvardGame 2023"
321922,"IeSF World Championship 2023 Israel Qualifier","IeSF World Champions"
321923,"ESEA Cash Cup Circuit 2023: North American Cup #3","ESEA Cash Cup Circui"
321924,"UKIC Invitational Spring 2023","UKIC Invitational Sp"
321925,"Intel Extreme Masters Dallas 2023: European Qualifier","Intel Extreme Master"
321926,"Esports Battles April 2023 CSGO","Esports Battles April 2023"
321927,"Esports Battles April 2023 DOTA","Esports Battles April 2023"
321928,"DPC CN 2023 Tour 2: Division II","DPC CN 2023 Tour 2: "
321929,"DPC EEU 2023 Tour 2: Division II","DPC EEU 2023 Tour 2:"
321931,"DPC SA 2023 Tour 2: Division II","DPC SA 2023 Tour 2: "
321934,"DPC SEA 2023 Tour 2: Division II","DPC SEA 2023 Tour 2:"
321935,"DPC WEU 2023 Tour 2: Division II","DPC WEU 2023 Tour 2:"
321936,"DPC NA 2023 Tour 2: Division II","DPC NA 2023 Tour 2: "
321938,"BLAST.tv Paris Major 2023: European RMR A","BLAST.tv Paris Major"
321941,"BLAST.tv Paris Major 2023: American RMR","BLAST.tv Paris Major"
321949,"Gamergy Argentina 2023","Gamergy Argentina 20"
321952,"BLAST.tv Paris Major 2023: European RMR B","BLAST.tv Paris Major"
321958,"Y-Games PRO Series 2023","Y-Games PRO Series 2023"
321961,"Polska Liga Esportowa 2023: Split #1","Polska Liga Esportow"
321966,"Intel Extreme Masters Dallas 2023: South American Qualifier","Intel Extreme Master"
321968,"ESL Challenger Katowice 2023: North American Open Qualifier","ESL Challenger Katow"
321971,"ESL Challenger Katowice 2023: North American Qualifier","ESL Challenger Katow"
321974,"BLAST.tv Paris Major 2023: European RMR Decider","BLAST.tv Paris Major"
321975,"Intel Extreme Masters Rio 2023","Intel Extreme Master"
321979,"Contest Pro League 2022/2023 Season 2 Division 1","Contest Pro League 2"
321980,"Contest Pro League 2022/2023 Season 2 Division 2","Contest Pro League 2"
321983,"Gamers Club Liga Série A: April 2023 Playoffs","Gamers Club April 2023 "
321987,"RedZone PRO League 2023: Season 2","RedZone PRO League 2"
321995,"ESL Challenger Katowice 2023: South African Open Qualifier","ESL Challenger Katow"
322004,"ESL One Berlin Major 2023","ESL One Berlin Major"
322005,"ESL Impact Cash Cup: Europe - Spring 2023 #2","ESL Impact Cash Cup:"
322006,"ESEA Cash Cup: Europe - Spring 2023 #3","ESEA Cash Cup: Europ"
322010,"ESL Challenger Katowice 2023: South African Qualifier","ESL Challenger Katow"
322014,"ESL Challenger at DreamHack Melbourne 2023","ESL Challenger at Dr"
322017,"Gamers Without Borders 2023 Female","Gamers Without Borde"
322026,"ESEA Cash Cup Circuit 2023: North American Cup #5","ESEA Cash Cup Circui"
322029," Esports Battles May 2023 CSGO"," Esports Battles May 2023 "
322031," Esports Battles May 2023 DOTA"," Esports Battles May 2023 "
322037,"ESL Challenger Katowice 2023: South American Qualifier","ESL Challenger Katow"
322038,"ESL Challenger Katowice 2023: European Open Qualifier","ESL Challenger Katow"
322040,"Tipsport Cup Bratislava 2023","Tipsport Cup Bratislava 2023"
322042,"BLAST.tv Paris Major 2023","BLAST.tv Paris Major"
322047,"ESL Impact Cash Cup: Europe - Spring 2023 #3","ESL Impact Cash Cup:"
322049,"ESEA Cash Cup Circuit 2023: North American Cup #6","ESEA Cash Cup Circui"
322050,"ESL Impact Cash Cup: South America - Spring 2023 #3","ESL Impact Cash Cup:"
322051,"ESEA Cash Cup: South Africa - Spring 2023 #4","ESEA Cash Cup: South"
322052,"ESL Impact Cash Cup: North America - Spring 2023 #3","ESL Impact Cash Cup:"
322053,"kleverr Kauss Spring 2023","kleverr Kauss Spring"
322056,"Telialigaen Spring 2023","Telialigaen Spring 2"
322060,"DPC EEU 2023 Tour 3: Division I","DPC EEU 2023 Tour 3:"
322061,"DPC SA 2023 Tour 3: Division I","DPC SA 2023 Tour 3: "
322062,"DPC SA 2023 Tour 3: Open Qualifier #1","DPC SA 2023 Tour 3: "
322063,"DPC SEA 2023 Tour 3: Division I","DPC SEA 2023 Tour 3:"
322064,"DPC SEA 2023 Tour 3: Open Qualifier #1","DPC SEA 2023 Tour 3:"
322065,"DPC WEU 2023 Tour 3: Division I","DPC WEU 2023 Tour 3:"
322066,"DPC EEU 2023 Tour 3: Open Qualifier #1","DPC EEU 2023 Tour 3:"
322068,"DPC WEU 2023 Tour 3: Open Qualifier #1","DPC WEU 2023 Tour 3:"
322069,"DPC NA 2023 Tour 3: Division I","DPC NA 2023 Tour 3: "
322070,"DPC NA 2023 Tour 3: Open Qualifier #1","DPC NA 2023 Tour 3: "
322071,"DPC CN 2023 Tour 3: Division I","DPC CN 2023 Tour 3: "
322073,"DPC SA 2023 Tour 3: Open Qualifier #2","DPC SA 2023 Tour 3: "
322074,"DPC CN 2023 Tour 3: Open Qualifier #1","DPC CN 2023 Tour 3: "
322075,"DPC SEA 2023 Tour 3: Open Qualifier #2","DPC SEA 2023 Tour 3:"
322078,"DPC EEU 2023 Tour 3: Open Qualifier #2","DPC EEU 2023 Tour 3:"
322080,"DPC WEU 2023 Tour 3: Open Qualifier #2","DPC WEU 2023 Tour 3:"
322082,"DPC NA 2023 Tour 3: Open Qualifier #2","DPC NA 2023 Tour 3: "
322083,"DPC CN 2023 Tour 3: Closed Qualifier","DPC CN 2023 Tour 3: "
322085,"DPC SA 2023 Tour 3: Open Qualifier #3","DPC SA 2023 Tour 3: "
322086,"DPC SEA 2023 Tour 3: Open Qualifier #3","DPC SEA 2023 Tour 3:"
322087,"DPC EEU 2023 Tour 3: Open Qualifier #3","DPC EEU 2023 Tour 3:"
322088,"Svenska Elitserien Spring 2023","Svenska Elitserien Spring 2023"
322089,"DPC WEU 2023 Tour 3: Open Qualifier #3","DPC WEU 2023 Tour 3:"
322091,"Gamers8 2023: North American Qualifier","Gamers8 2023: North "
322092,"DPC NA 2023 Tour 3: Open Qualifier #3","DPC NA 2023 Tour 3: "
322095,"Gamers8 2023: European Qualifier #1","Gamers8 2023: Europe"
322096,"DPC SA 2023 Tour 3: Open Qualifier #4","DPC SA 2023 Tour 3: "
322097,"DPC SEA 2023 Tour 3: Closed Qualifier","DPC SEA 2023 Tour 3:"
322099,"ESL Challenger Katowice 2023: European Qualifier","ESL Challenger Katow"
322100,"ESEA Cash Cup Circuit 2023: North American Cup #7","ESEA Cash Cup Circui"
322104,"Swisscom Hero League Spring 2023","Swisscom Hero League"
322106,"DPC EEU 2023 Tour 3: Closed Qualifier","DPC EEU 2023 Tour 3:"
322107,"DPC WEU 2023 Tour 3: Closed Qualifier","DPC WEU 2023 Tour 3:"
322108,"DPC NA 2023 Tour 3: Closed Qualifier","DPC NA 2023 Tour 3: "
322110,"Polska Liga Esportowa 2023: Split #2","Polska Liga Esportowa"
322111,"DPC SA 2023 Tour 3: Closed Qualifiers","DPC SA 2023 Tour 3:"
330733,"ESL Meisterschaft: Spring 2023","ESL Meisterschaft: S"
332061,"DPC SA 2023 Tour 3: Division II","DPC SA 2023 Tour 3:"
332080,"DPC EEU 2023 Tour 3: Division II","DPC EEU 2023 Tour 3"
332099,"Aorus League Invitational 2023","Aorus League Invitat"
332131,"Gamers Club Liga Série A: May 2023","Gamers Club Liga Série A"
332877,"Esports Battles June 2023 CSGO","Esports Battles June 2023 CSGO"
332878,"Esports Battles June 2023 DOTA","Esports Battles June 2023 DOTA"
332896,"Esports Battles July 2023 CSGO","Esports Battles July 2023 CSGO"
332897,"Esports Battles July 2023 DOTA","Esports Battles July 2023 DOTA"
332898,"Esports Battles August 2023 CSGO","Esports Battles Aug 2023 CSGO"
332899,"Esports Battles August 2023 DOTA","Esports Battles Aug 2023 DOTA"
332900,"Esports Battles September 2023 CSGO","Esports Battles Sep 2023 CSGO"
332905,"Esports Battles September 2023 DOTA","Esports Battles Sep 2023 DOTA"
332924,"Esports Battles October 2023 CSGO","Esports Battles Oct 2023 CSGO"
332933,"Esports Battles October 2023 DOTA","Esports Battles Oct 2023 DOTA"
332934,"Esports Battles November 2023 CSGO","Esports Battles Nov 2023 CSGO"
332935,"Esports Battles November 2023 DOTA","Esports Battles Nov 2023 DOTA"
332936,"Esports Battles December 2023 CSGO","Esports Battles Dec 2023 CSGO"
332937,"Esports Battles December 2023 DOTA","Esports Battles Dec 2023 DOTA"
335070,"IESF Northern Cone Qualifier 2023","IESF Northern Cone Q"
339786,"Intel Extreme Masters Dallas 2023","Intel Extreme Master"
344395,"Gamebox Invitational 2023","Gamebox Invitational"
346013,"IESF Southern Cone Qualifier 2023","IESF Southern Cone Q"
349862,"ESL Impact Cash Cup: North America - Spring 2023 #4","ESL Impact Cash Cup:"
349881,"ESL Premiership Spring 2023","ESL Premiership Spri"
351113,"RedZone PRO League 2023 Season 3","RedZone PRO League 2"
369729,"ESEA Cash Cup Circuit 2023: North American Cup #8","ESEA Cash Cup Circui"
372096,"ESL Benelux Championship Spring 2023","ESL Benelux Champion"
383784,"DPC CN 2023 Tour 3: Division II","DPC CN 2023 Tour 3: "
387869,"DPC SEA 2023 Tour 3: Division II","DPC SEA 2023 Tour 3:"
389123,"DPC WEU 2023 Tour 3: Division II","DPC WEU 2023 Tour 3:"
389249,"BLAST Premier: Spring Final 2023","BLAST Premier: Sprin"
390307,"DPC NA 2023 Tour 3: Division II","DPC NA 2023 Tour 3: "
393349,"ESL Championnat National Spring 2023","ESL Championnat Nati"
395952,"ESEA Cash Cup Circuit 2023: North American Finals 2023","ESEA Cash Cup Circui"
397845,"ESL Challenger Katowice 2023","ESL Challenger Katow"
398033,"IESF Northern Africa Qualifier 2023","IESF Northern Africa"
398689,"CBCS 2023 Season 1","CBCS 2023 Season 1"
402065,"FiReLEAGUE Argentina 2023: Closed Qualifier","FiReLEAGUE Argentina 2023: CQ"
402635,"ESL Mistrzostwa Polski Spring 2023","ESL Mistrzostwa Pols"
406552,"IESF Southern Africa Qualifier 2023","IESF Southern Africa"
407522,"ESL Türkiye Şampiyonası: Winter 2023","ESL Türkiye Şampiy"
419347,"ESEA Cash Cup: South Africa - Spring 2023 #7","ESEA Cash Cup: South"
419879,"ESL Impact Cash Cup: North America - Spring 2023 #5","ESL Impact Cash Cup:"
422428,"Gamers Club Liga Série A: June 2023 Playoffs","Gamers Club Liga Série A"
422429,"FiReLEAGUE Argentina 2023: Online Stage","FiReLEAGUE Argentina 2023"
431499,"Bali Major 2023","Bali Major 2023"
431760,"IESF Europe A Qualifier 2023","IESF Europe A Qualif"
432334,"GOAT League 2023 Summer VACation","GOAT League 2023 Sum"
433050,"XP Game Fest 2023","XP Game Fest 2023"
448856,"Polska Liga Esportowa Superpuchar 2023 - Closed Qualifier","Polska Liga Esportowa"
456953,"Gameinside.ua ROG Summer Cup 2023","Gameinside.ua ROG Su"
458143,"RUR Blaze Cup 2023","RUR Blaze Cup 2023"
458185,"IESF Europe B Qualifier 2023","IESF Europe B Qualif"
460182,"FiReLEAGUE Argentina 2023","FiReLEAGUE Argentina"
460586,"ESL Impact Cash Cup: Europe - Spring 2023 #6","ESL Impact Cash Cup:"
475069,"Riyadh Masters 2023 MENA Qualifier","Riyadh Masters 2023 "
487965,"Alaman Fest 2023","Alaman Fest 2023"
489724,"Copa Battle Fury 2023","Copa Battle Fury 202"
513401,"TEC Arena Connect Pune 2023","TEC Arena Connect Pu"
514248,"Winstrike Masters 2023: Summer Final","Winstrike Masters 20"
515148,"FiReLEAGUE Battle 2023","FiReLEAGUE Battle 2023"
515149,"BrisVegas Winter 2023","BrisVegas Winter 2023"
515159,"Gamers8 IESF Asian Championship 2023","Gamers8 IESF Asian C"
515160,"RedZone PRO League 2023 Season 4","RedZone PRO League 2"
515164,"Thunderpick World Championship 2023: North American Series #1","Thunderpick World Ch"
515174,"BLAST Premier: Fall Groups 2023","BLAST Premier: Fall "
515175,"La Liga Pro 2023","La Liga Pro 2023"
515181,"Gamers8 2023: Last Chance Qualifier","Gamers8 2023: Last C"
515190,"Gamers Club Liga Série S: Season 3 2023","Gamers Club Liga Série S 2023"
515193,"IESF Asian Championship 2023","IESF Asian Champions"
515197,"ESL Impact Cash Cup: Europe - Summer 2023 #2","ESL Impact Cash Cup:"
515199,"Riyadh Masters 2023","Riyadh Masters 2023"
515211,"Gamers Club Liga Série A: July 2023","Gamers Club Liga Série A"
515217,"ESEA Pre-Season Circuit 2023: North American Open Qualifier #5","ESEA Pre-Season Circ"
515228,"Intel Extreme Masters Cologne 2023","Intel Extreme Master"
515232,"Phygital Games 2023 Season 2","Phygital Games 2023 "
515233,"ESEA Pre-Season Circuit 2023: North American Open Qualifier #7","ESEA Pre-Season Circ"
515234,"Thunderpick World Championship 2023: European Series #1","Thunderpick World Ch"
515239,"ESEA Pre-Season Circuit 2023: North American Open Qualifier #8","ESEA Pre-Season Circ"
515242,"Russian Cybersport League 2023","Russian Cybersport L"
515251,"ESM 2023","ESM 2023"
515265,"ESEA Pre-Season Circuit 2023: North American Final","ESEA Pre-Season Circ"
515266,"ESL Impact Cash Cup: North America - Summer 2023 #3","ESL Impact Cash Cup:"
515286,"RedZone PRO League 2023 Season 5","RedZone PRO League 2"
515288,"TG Masters Fall 2023","TG Masters Fall 2023"
515298,"Copa de la Liga 2023","Copa de la Liga 2023"
515299,"CBCS Masters 2023","CBCS Masters 2023"
515304,"Intel Extreme Masters Sydney 2023: Oceanic Open Qualifier #1","Intel Extreme Master"
515305,"Intel Extreme Masters Sydney 2023: Asian Open Qualifier #1","Intel Extreme Master"
515306,"Intel Extreme Masters Sydney 2023: European Open Qualifier #1","Intel Extreme Master"
515307,"Intel Extreme Masters Sydney 2023: North American Open Qualifier #1","Intel Extreme Master"
515317,"Intel Extreme Masters Sydney 2023: Oceanic Open Qualifier #2","Intel Extreme Master"
515320,"Intel Extreme Masters Sydney 2023: Asian Open Qualifier #2","Intel Extreme Master"
515322,"Intel Extreme Masters Sydney 2023: European Open Qualifier #2","Intel Extreme Master"
515323,"Intel Extreme Masters Sydney 2023: North American Open Qualifier #2","Intel Extreme Master"
515325,"ESL Impact Cash Cup: Europe - Summer 2023 #4","ESL Impact Cash Cup:"
515328,"TEC Arena Connect Kochi 2023","TEC Arena Connect Ko"
515329,"Gamers8 2023","Gamers8 2023"
515330,"ESL Impact Cash Cup: North America - Summer 2023 #4","ESL Impact Cash Cup:"
515334,"The International 2023 - China Qualifier","The International 2023"
515337,"The International 2023 - North America Qualifier","The International 2023"
515344,"IESF World Esports Championship 2023 CSGO","IESF WEC 2023 CSGO"
515345,"IESF World Esports Championship 2023 DOTA2","IESF WEC 2023 DOTA2"
515350,"IESF World Championship 2023 CSGO - Female","IESF WEC 2023 CSGO - Female"
515352,"Intel Extreme Masters Sydney 2023: Oceanic Qualifier","Intel Extreme Master"
515353,"Intel Extreme Masters Sydney 2023: European Qualifier","Intel Extreme Master"
515354,"Intel Extreme Masters Sydney 2023: Asian Qualifier","Intel Extreme Master"
515359,"The International 2023 - Eastern Europe Qualifier","The International 2023"
515360,"The International 2023 - South America Qualifier","The International 2023"
515362,"Intel Extreme Masters Sydney 2023: North American Qualifier","Intel Extreme Master"
515364,"Thunderpick World Championship 2023: North American Series #2","Thunderpick World Ch"
515367,"Krasnoyarsk Mayor Cup 2023","Krasnoyarsk Mayor Cu"
515372,"IESF World Championship 2023","IESF World Champions"
515374,"The International 2023 - Western Europe Qualifier","The International 2023"
515375,"The International 2023 - Southeast Asia Qualifier","The International 2023"
515376,"PLE Superpuchar 2023","PLE Superpuchar 2023"
515378,"Gamers Club Liga Série A: August 2023","Gamers Club Liga Série A"
515379,"Skyesports Masters 2023","Skyesports Masters 2"
515382,"Polska Liga Esportowa Superpuchar 2023","Polska Liga Esportow"
515384,"5E Arena Asia Cup Fall 2023","5E Arena Asia Cup Fa"
515385,"UKIC Invitational Summer 2023","UKIC Invitational Su"
515393,"MMPOWER Tournament 2023","MMPOWER Tournament 2"
515399,"IESF World Esports Championship 2023","IESF World Esports C"
515405,"IESF Female World Esports Championship 2023","IESF Female World Es"
515425,"Thunderpick World Championship 2023: European Series #2","Thunderpick World Ch"
515427,"RTP Arena Cup 2023","RTP Arena Cup 2023"
515428,"Ace North American Masters Fall 2023","Ace North American M"
515429,"RES Western European Masters: Fall 2023","RES Western European"
515432,"ESL Premiership Autumn 2023","ESL Premiership Autu"
515452,"CBCS 2023 Season 2","CBCS 2023 Season 2"
515466,"Pelaajat.com Series Fall 2023","Pelaajat.com Series "
515548,"Pelaajat.com Nordic Masters Fall 2023","Pelaajat.com Nordic "
515549,"RES Eastern European Masters: Fall 2023","RES Eastern European"
515609,"Majstrovstvá SR 2023","Majstrovstvá SR 2023"
515616,"Gamers Club Liga Série A: September 2023 (Playoffs only)","Gamers Club Liga Série A"
515621,"GEMS Women Circuit 2023/2024 Tour 1","GEMS Women Circuit 2"
515622,"GEMS Women Circuit 2023/2024 Tour 1 - Group Stage","GEMS Women Circuit 2"
515625,"ESL Impact Cash Cup: Europe - Summer 2023 #6","ESL Impact Cash Cup:"
515626,"RedZone PRO League 2023 Season 6","RedZone PRO League 2"
515627,"ESL Impact Cash Cup: South America - Summer 2023 #6","ESL Impact Cash Cup:"
515628,"ESL Impact Cash Cup: North America - Summer 2023 #6","ESL Impact Cash Cup:"
515640,"TC Prague Fall 2023","Tipsport Cup Prague Fall 2023"
515646,"Global Esports Games 2023: Europe Qualifier","Global Esports Games"
515660,"Tipsport Cup Prague Fall 2023","Tipsport Cup Prague Fall 2023"
515668,"VS Gaming League Masters 2023","VS Gaming League Mas"
515671,"Swisscom Hero League Fall 2023","Swisscom Hero League"
515685,"XL Games 2023","XL Games 2023"
515691,"MängudeÖÖ 2023: Estonia vs Finland","MängudeÖÖ 2023: E"
515700,"Skyesports Souvenir 2023","Skyesports Souvenir "
515709,"BLAST Premier: Fall European Showdown 2023","BLAST Premier: Fall "
515711,"BLAST Premier: Fall American Showdown 2023","BLAST Premier: Fall "
515722,"ESL Challenger at DreamHack Winter 2023: European Open Qualifier","ESL Challenger at Dr"
515723,"FiReLEAGUE Academy 2023: Finals","FiReLEAGUE Academy 23: Finals"
515730,"Aveiro Techdays Cup 2023","Aveiro Techdays Cup 2023"
515753,"ESL Challenger at DreamHack Winter 2023: European Qualifier","ESL Challenger at Dr"
515760,"ESL Challenger at DreamHack Winter 2023: North American Qualifier","ESL Challenger at Dr"
515771,"The International 2023","The International 20"
515780,"ESL Challenger at DreamHack Winter 2023: Asian Open Qualifier","ESL Challenger at Dr"
515781,"Polska Liga Esportowa 2023: Split #3","Polska Liga Esportowa 2023"
515782,"ESL Challenger at DreamHack Winter 2023: South American Open Qualifier","ESL Challenger at Dr"
515785,"Gamers Club Liga Feminina: Super Edition 2023","GC Liga Fem: Super 2023"
515792,"BGS Esports 2023","BGS Esports 2023"
515796,"Tipsport Cup Prague Fall 2023 (LAN FINALS)","Tipsport Cup Prague Fall LAN"
515797,"Intel Extreme Masters Sydney 2023","Intel Extreme Master"
515798,"Compass Fall 2023","Compass Fall 2023"
515805,"KosICT Champions 2023","KosICT Champions 202"
515807,"AGS CUP 2023","AGS CUP 2023"
539824,"ESEA Cash Cup: Europe - Autumn 2023 #2","ESEA Cash Cup: Europ"
540440,"ESL Challenger at DreamHack Atlanta 2023: South American Open Qualifier","ESL Challenger at Dr"
540701,"ESL Impact Cash Cup: South America - Autumn 2023 #2","ESL Impact Cash Cup:"
543010,"Roobet Cup 2023","Roobet Cup 2023"
544649,"Esports Battles October 2023 CS2","Esports Battles Oct 2023 CS2"
544669,"Esports Battles November 2023 CS2","Esports Battles Nov 2023 CS2"
544686,"Esports Battles December 2023 CS2","Esports Battles Dec 2023 CS2"
545198,"ESL Challenger at DreamHack Atlanta 2023: South American Qualifier","ESL Challenger at Dr"
549706,"Thunderpick World Championship 2023","Thunderpick World Ch"
551221,"CBCS 2023 Season 3","CBCS 2023 S3 "
554399,"ESL Challenger at DreamHack Winter 2023: Asian Qualifier","ESL Challenger at Dr"
554840,"Beske Bes 2023","Beske Bes 2023"
554844,"Game Arena Cup 2023 Season 1","Game Arena Cup 2023 "
554850,"ESEA Cash Cup: Europe - Autumn 2023 #3","ESEA Cash Cup: Europ"
554854,"MČR 2023","MČR 2023"
554855,"Pan American Esports Championships 2023: Women's Event","Pan American Esports"
554856,"Pan American Esports Championships 2023: Open","Pan American Esports"
554859,"MESA Pro Series: Fall 2023","MESA Pro Series: Fal"
554860,"Good Game-ligaen Fall 2023","Good Game-ligaen Fal"
554868,"DreamHack Hyderabad Invitational 2023","DreamHack Hyderabad "
554869,"Female Bay Cup 2023","Female Bay Cup 2023"
554870,"ESL Impact Cash Cup: South America - Autumn 2023 #4","ESL Impact Cash Cup:"
554872,"CS Asia Championships 2023","CS Asia Championship"
554875,"ESEA Cash Cup: Europe - Autumn 2023 #4","ESEA Cash Cup: Europ"
555361,"Elisa Masters Espoo 2023","Elisa Masters Espoo 2023"
560038,"Polska Liga Esportowa 2023: Finals","PLE 2023: Finals"
576874,"ESL One Kuala Lumpur 2023 Southeast Asia Open Qualifier #1","ESL One Kuala Lumpur"
577549,"ESL One Kuala Lumpur 2023 Western Europe Open Qualifier #1","ESL One Kuala Lumpur"
578427,"ESL One Kuala Lumpur 2023 North America Open Qualifier #1","ESL One Kuala Lumpur"
578546,"ESL One Kuala Lumpur 2023 Eastern Europe Open Qualifier #1","ESL One Kuala Lumpur"
579258,"ESL One Kuala Lumpur 2023 South America Open Qualifier #1","ESL One Kuala Lumpur"
581126,"ESL One Kuala Lumpur 2023 Eastern Europe Closed Qualifier","ESL One Kuala Lumpur"
581127,"ESL One Kuala Lumpur 2023 MENA Closed Qualifier","ESL One Kuala Lumpur"
581508,"ESL One Kuala Lumpur 2023 Western Europe Closed Qualifier","ESL One Kuala Lumpur"
581583,"CBCS Invitational 2023","CBCS Invitational 2023"
581993,"ESL One Kuala Lumpur 2023 North America Closed Qualifier","ESL One Kuala Lumpur"
583986,"ESL Challenger at DreamHack Atlanta 2023: North American Open Qualifier","ESL Challenger at Dr"
584013,"ESL One Kuala Lumpur 2023 Southeast Asia Closed Qualifier","ESL One Kuala Lumpur"
584443,"ESL One Kuala Lumpur 2023 Eastern Europe Open Qualifier #2","ESL One Kuala Lumpur"
584456,"ESL One Kuala Lumpur 2023 Western Europe Open Qualifier #2","ESL One Kuala Lumpur"
585065,"ESL One Kuala Lumpur 2023 North America Open Qualifier #2","ESL One Kuala Lumpur"
585338,"ESL One Kuala Lumpur 2023 South America Open Qualifier #2","ESL One Kuala Lumpur"
586075,"Winter Cup 2023","Winter Cup 2023"
587475,"ESL Challenger at DreamHack Atlanta 2023: European Open Qualifier","ESL Challenger at Dr"
587476,"ESL Challenger at DreamHack Atlanta 2023: North American Qualifier","ESL Challenger at Dr"
587477,"ESL Challenger at DreamHack Atlanta 2023: Asian Open Qualifier","ESL Challenger at Dr"
588503,"ESL One Kuala Lumpur 2023 South America Closed Qualifier","ESL One Kuala Lumpur"
589649,"ESL One Kuala Lumpur 2023 China Closed Qualifier","ESL One Kuala Lumpur"
591727,"ESL Challenger at DreamHack Atlanta 2023: European Qualifier","ESL Challenger at Dr"
592510,"ESL Challenger at DreamHack Atlanta 2023: Asian Qualifier","ESL Challenger at Dr"
603953,"Europebet Cup 2023","Europebet Cup 2023"
606480,"ESL Impact Cash Cup: Europe - Autumn 2023 #5","ESL Impact Cash Cup:"
606585,"ESEA Cash Cup: Europe - Autumn 2023 #5","ESEA Cash Cup: Europ"
609648,"BLAST Premier: Fall Final 2023","BLAST Premier: Fall "
613791,"Svenska Elitserien Fall 2023","Svenska Elitserien F"
617226,"Circuito Retake Final 2023","Circuito Retake Final 2023"
620943,"ESL Challenger at DreamHack Winter 2023","ESL Challenger at Dr"
625796,"AOC XL Clash 2023","AOC XL Clash 2023"
641164,"ESL Mistrzostwa Polski Autumn 2023","ESL Mistrzostwa Pols"
641999,"ESL Meisterschaft: Autumn 2023","ESL Meisterschaft: A"
650048,"DreamHack Winter 2023 BYOC","DreamHack Winter 202"
650865,"Svenska Cupen 2023","Svenska Cupen 2023"
654466,"Polska Liga Esportowa 2023","Polska Liga Esportow"
669093,"Corsair Championship 2023","Corsair Championship"
671158,"La Coupe 2023","La Coupe 2023"
672061,"ESEA Cash Cup: North America - Autumn 2023 #6","ESEA Cash Cup: North"
675754,"ESEA Cash Cup: Europe - Autumn 2023 #6","ESEA Cash Cup: Europ"
675815,"ESL Impact Cash Cup: North America - Autumn 2023 #6","ESL Impact Cash Cup:"
686857,"Gamers Club Liga Série A: December 2023 (Playoffs only)","Gamers Club Liga Série A"
712356,"ESL One Kuala Lumpur 2023","ESL One Kuala Lumpur"
714586,"Dogmination Iberian Premier 2023","Dogmination Iberian "
719185,"Mythic Winter Cup 2023","Mythic Winter Cup 20"
722496,"Global Esports Games 2023","Global Esports Games"
725952,"BLAST Premier: World Final 2023","BLAST Premier: World"
727321,"Global Esports Games 2023: Women","Global Esports Games"
727335,"ESL Challenger at DreamHack Atlanta 2023","ESL Challenger at Dr"
727337,"Monsters Reloaded 2023","Monsters Reloaded 20"
727348,"FRAG Winter Battle Cup 2023","FRAG Winter Battle C"
727351,"ESEA Cash Cup: North America - Autumn 2023 #7","ESEA Cash Cup: North"
727352,"ESL Impact Cash Cup: North America - Autumn 2023 #7","ESL Impact Cash Cup:"
749332,"Xmas Cup 2023","Xmas Cup 2023"
757033,"eXTREMESLAND 2023","eXTREMESLAND 2023"
757081,"MESA Champions Winter 2023-2024","MESA Champions Winte"